Image Name, Site Path

mountaineering-wilderness-now.jpg, http://aws-website-wildernessnow-yib3s.s3-website-us-east-1.amazonaws.com/mountaineering

scramble-ben-nevis-north-face.jpg
scramble-stob-dearg.jpg
scramble-black-cuillin.jpg
scramble-beinn-alligin.jpg
scramble-striding-edge.jpg
winter-ascents-snowdon-and-tryfan.jpg
winter-ascent-ben-nevis.jpg
winter-climb-northen-corries.jpg
winter-ridges-the-buachaille.jpg


skiing-wilderness-now.jpg, http://aws-website-wildernessnow-yib3s.s3-website-us-east-1.amazonaws.com/skiing

ski-touring-ben-macdui.jpg
steep-skiing-nevis-range.jpg
backcountry-skiing-glenshee.jpg


biking-wilderness-now.jpg, http://aws-website-wildernessnow-yib3s.s3-website-us-east-1.amazonaws.com/biking

mtb-nan-bield-pass.jpg
mtb-rhyd-ddu.jpg
mtb-cut-gate.jpg
mtb-quantocks.jpg
touring-coast-to-coast.jpg
touring-lochs-and-glens.jpg


fishing-wilderness-now.jpg, http://aws-website-wildernessnow-yib3s.s3-website-us-east-1.amazonaws.com/fishing

fly-fishing-rivers-of-dartmoor.jpg
sea-fishing-whitby.jpg
loch-fishing-south-uist.jpg


kitesurfing-wilderness-now.jpg, http://aws-website-wildernessnow-yib3s.s3-website-us-east-1.amazonaws.com/kitesurfing

kitesurf-hunstanton.jpg
kitesurf-hayling-island.jpg
kitesurf-north-berwick.jpg


paddle-wilderness-now.jpg, http://aws-website-wildernessnow-yib3s.s3-website-us-east-1.amazonaws.com/paddle

white-water-kayak-river-findhorn.jpg
sea-kayak-arisaig.jpg
canoe-river-wye.jpg
kayak-river-ure.jpg
sea-kayak-lundy-island.jpg
white-water-rafting-river-Tryweryn.jpg


surfing-wilderness-now.jpg, http://aws-website-wildernessnow-yib3s.s3-website-us-east-1.amazonaws.com/surfing

surf-coldingham-bay.jpg
surf-glamping-koa-tree-camp.jpg
surf-isle-of-lewis.jpg
surf-thurso.jpg
surf-polzeath.jpg
surf-pembroke.jpg


trekking-wilderness-now.jpg, http://aws-website-wildernessnow-yib3s.s3-website-us-east-1.amazonaws.com/trekking

trek-west-highland-way.jpg
trek-coast-to-coast.jpg
trek-the-lost-valley.jpg
trek-mount-snowdon.jpg
trek-southern-fells.jpg
trek-kinder-scout.jpg


canyoning-wilderness-now.jpg, http://aws-website-wildernessnow-yib3s.s3-website-us-east-1.amazonaws.com/canyoning

canyoning-gorge-exploring.jpg
canyoning-black-mountains.jpg
canyoning-dungeon-ghyll.jpg


horse-trekking-wilderness-now.jpg, http://aws-website-wildernessnow-yib3s.s3-website-us-east-1.amazonaws.com/horse-trekking

trail-ride-black-mountains.jpg
trail-ride-coast-to-coast.jpg
trail-ride-south-downs.jpg


stalking-wilderness-now.jpg, http://aws-website-wildernessnow-yib3s.s3-website-us-east-1.amazonaws.com/stalking

stalking-isle-of-mull.jpg
stalking-atholl-estate.jpg
stalking-forestland.jpg


sailing-wilderness-now.jpg, http://aws-website-wildernessnow-yib3s.s3-website-us-east-1.amazonaws.com/sailing

cruising-isle-of-wight.jpg
cruising-west-coast-islands.jpg
open-sea-passage-scilly-isles.jpg


diving-wilderness-now.jpg, http://aws-website-wildernessnow-yib3s.s3-website-us-east-1.amazonaws.com/diving

dive-trearddur-bay.jpg
dive-wrecks-and-reefs.jpg
dive-open-water.jpg


coasteering-wilderness-now.jpg, http://aws-website-wildernessnow-yib3s.s3-website-us-east-1.amazonaws.com/coasteering

coasteering-gower-peninsular.jpg
coasteering-wild-sea-cliffs.jpg
coasteering-jurassic-coast.jpg


rock-climbing-wilderness-now.jpg, http://aws-website-wildernessnow-yib3s.s3-website-us-east-1.amazonaws.com/rock-climbing

sport-climb-sea-cliffs.jpg
climb-cheddar-gorge.jpg
climb-harrisons-rocks.jpg
climb-multipitch-walls.jpg
climb-stanage-edge.jpg
climb-northern-corries.jpg


paragliding-wilderness-now.jpg, http://aws-website-wildernessnow-yib3s.s3-website-us-east-1.amazonaws.com/paragliding

paraglide-surrey-hills.jpg
paramotoring-south-downs.jpg
paraglide-mountains-and-lochs.jpg


survival-wilderness-now.jpg, http://aws-website-wildernessnow-yib3s.s3-website-us-east-1.amazonaws.com/survival

survival-randwick-forest.jpg
survival-high-weald-forest.jpg
survival-mountains-and-lochs.jpg


caving-wilderness-now.jpg, http://aws-website-wildernessnow-yib3s.s3-website-us-east-1.amazonaws.com/caving

caving-titan-cave.jpg
caving-clydach-gorge.jpg
caving-coniston-mines.jpg


family-adventure-wilderness-now.jpg, http://aws-website-wildernessnow-yib3s.s3-website-us-east-1.amazonaws.com/family-adventure

glamping-koa-tree-camp.jpg
father-and-son-woodland-survival.jpg
family-kayaking-sandbanks.jpg


endurance-wilderness-now.jpg, http://aws-website-wildernessnow-yib3s.s3-website-us-east-1.amazonaws.com/endurance

wild-swim-mountain-lakes.jpg
trail-run-dartmoor.jpg
fell-run-helvellyn.jpg


wildlife-wilderness-now.jpg, http://aws-website-wildernessnow-yib3s.s3-website-us-east-1.amazonaws.com/wildlife

wildlife-south-uist.jpg
wildlife-atholl-estate.jpg
wildlife-new-forest.jpg


